0,0,2AM_이창민
1,1,2NE1_CL
2,2,2PM_옥택연
3,3,2PM_찬성
4,4,aoa_설현
5,5,aoa_지민
6,6,aoa_초아
7,7,B1A4_바로
8,8,B1A4_산들
9,9,B1A4_진영
10,10,C.I.V.A_이수민
11,11,EXID_LE
12,12,EXID_솔지
13,13,EXID_정화
14,14,EXID_하니
15,15,EXID_혜린
16,16,exo_디오
17,17,exo_루한
18,18,exo_백현
19,19,exo_세훈
20,20,exo_수호
21,21,exo_시우민
22,22,exo_찬열
23,23,exo_첸
24,24,exo_카이
25,25,exo_타오
26,26,FT아일랜드_이홍기
27,27,god_김태우
28,28,god_데니안
29,29,god_박준형
30,30,god_손호영
31,31,GOT7_잭슨
32,32,JYJ_김재중
33,33,JYJ_김준수
34,34,JYJ_박유천
35,35,KCM
36,36,S.E.S_바다
37,37,S.E.S_슈
38,38,S.E.S_유진
39,39,갈소원
40,40,강경준
41,41,강기영
42,42,강동원
43,43,강성연
44,44,강성진
45,45,강소라
46,46,강신일
47,47,강예원
48,48,강지섭
49,49,강지환
50,50,강타
51,51,강태오
52,52,강하늘
53,53,강호동
54,54,개리
55,55,걸스데이_민아
56,56,걸스데이_소진
57,57,걸스데이_유라
58,58,걸스데이_혜리
59,59,검정치마
60,60,경수진
61,61,고경표
62,62,고두심
63,63,고세원
64,64,고소영
65,65,고수
66,66,고아라
67,67,고아성
68,68,고윤
69,69,고은민
70,70,고은총
71,71,고주원
72,72,고현정
73,73,공명
74,74,공승연
75,75,공유
76,76,공현주
77,77,공효진
78,78,곽동연
79,79,곽시양
80,80,곽희성
81,81,구구단_강미나
82,82,구구단_김세정
83,83,구구단_미미
84,84,구구단_하나
85,85,구본승
86,86,국카스텐_하현우
87,87,권상우
88,88,권오중
89,89,권율
90,90,권해효
91,91,권혁수
92,92,그레이
93,93,기리보이
94,94,기안84
95,95,길용우
96,96,김갑수
97,97,김강우
98,98,김건모
99,99,김경식 (개그맨)
100,100,김고은
101,101,김광규
102,102,김광석
103,103,김구라
104,104,김국진
105,105,김규리
106,106,김기두
107,107,김기방
108,108,김기수
109,109,김남주 (탤런트)
110,110,김동욱
111,111,김동현 (이종격투기선수)
112,112,김래원
113,113,김뢰하
114,114,김명민
115,115,김미숙
116,116,김미화
117,117,김민교
118,118,김민석
119,119,김민재
120,120,김민정
121,121,김병만
122,122,김사랑
123,123,김사무엘
124,124,김산호
125,125,김상경
126,126,김상호
127,127,김선아
128,128,김성균
129,129,김성령
130,130,김성오
131,131,김성주
132,132,김세황
133,133,김소연
134,134,김소진
135,135,김소현
136,136,김소혜
137,137,김수로
138,138,김수미
139,139,김수용 (개그맨)
140,140,김수현
141,141,김슬기
142,142,김승수
143,143,김승우
144,144,김시후
145,145,김신영
146,146,김아중
147,147,김여진
148,148,김영광
149,149,김영옥
150,150,김영철(개그맨)
151,151,김영철(배우)
152,152,김예원
153,153,김용건
154,154,김용만
155,155,김우빈
156,156,김원준
157,157,김원효
158,158,김유정
159,159,김윤석
160,160,김윤혜
161,161,김응수
162,162,김인권
163,163,김재범
164,164,김재영 (모델)
165,165,김재운
166,166,김정욱 (탤런트)
167,167,김정은 (북한정치인)
168,168,김정태
169,169,김정하 (레이싱모델)
170,170,김정학
171,171,김제동
172,172,김종국
173,173,김종문
174,174,김준호 (개그맨)
175,175,김지민 (개그맨)
176,176,김지석
177,177,김지수
178,178,김지원
179,179,김진경
180,180,김청하
181,181,김태원
182,182,김태현
183,183,김태훈
184,184,김태희
185,185,김풍
186,186,김하늘
187,187,김해숙
188,188,김현숙 (탤런트)
189,189,김현주
190,190,김혜리
191,191,김혜성
192,192,김혜수
193,193,김혜자
194,194,김호진
195,195,김홍파
196,196,김환 (아나운서)
197,197,김흥국
198,198,김희선
199,199,김희애
200,200,김희정
201,201,나다
202,202,나문희
203,203,나영희
204,204,나인뮤지스_경리
205,205,남궁민
206,206,남규리
207,207,남기애
208,208,남주혁
209,209,남지현 (가수)
210,210,남지현 (배우)
211,211,낸시랭
212,212,넉살
213,213,노우진
214,214,노을_강균성
215,215,노홍철
216,216,뉴이스트_강동호
217,217,뉴이스트_김종현
218,218,뉴이스트_아론
219,219,뉴이스트_최민기
220,220,다비치_강민경
221,221,다비치_이해리
222,222,다이나믹듀오_개코
223,223,다이나믹듀오_최자
224,224,다이아_기희현
225,225,다이아_정채연
226,226,더콰이엇
227,227,데이비드_맥기니스
228,228,데프콘
229,229,도상우
230,230,도지원
231,231,동하
232,232,동현배
233,233,딘
234,234,딘딘
235,235,딥플로우
236,236,라미란
237,237,라붐_솔빈
238,238,러블리즈_베이비소울
239,239,러블리즈_서지수
240,240,레드벨벳_슬기
241,241,레드벨벳_아이린
242,242,레드벨벳_예리
243,243,레드벨벳_웬디
244,244,레드벨벳_조이
245,245,레이디_제인
246,246,레이먼_킴
247,247,로꼬
248,248,로이킴
249,249,류담
250,250,류수영
251,251,류승수
252,252,류원
253,253,류준열
254,254,류혜영
255,255,류화영
256,256,리듬파워_행주
257,257,리쌍_길
258,258,리키김
259,259,마동석
260,260,마마무_문별
261,261,마마무_솔라
262,262,마마무_화사
263,263,마마무_휘인
264,264,마이크로닷
265,265,매드클라운
266,266,매드타운_조타
267,267,면도
268,268,명세빈
269,269,몬스타엑스_셔누
270,270,문가영
271,271,문근영
272,272,문채원
273,273,문희경
274,274,미쓰에이_민
275,275,미쓰에이_수지
276,276,민경훈
277,277,민성욱
278,278,민영원
279,279,바비
280,280,박광현 (배우)
281,281,박기웅
282,282,박나래
283,283,박명수
284,284,박미선
285,285,박민영
286,286,박병은
287,287,박보검
288,288,박보영
289,289,박서준
290,290,박선영
291,291,박성웅
292,292,박성훈
293,293,박세영
294,294,박소담
295,295,박솔로몬
296,296,박솔미
297,297,박수홍
298,298,박슬기 (탤런트)
299,299,박시은 (JYP)
300,300,박시은 (지앤지프로덕션)
301,301,박신양
302,302,박신혜
303,303,박영운
304,304,박원숙
305,305,박유나 (골퍼)
306,306,박유환
307,307,박윤재
308,308,박재범
309,309,박정민 (배우)
310,310,박정철
311,311,박주미
312,312,박준규
313,313,박준금
314,314,박중훈
315,315,박진우
316,316,박진주
317,317,박진희
318,318,박철민
319,319,박한별
320,320,박해일
321,321,박해준
322,322,박해진
323,323,박환희
324,324,박효신
325,325,박휘순
326,326,박희순
327,327,방은희
328,328,방탄소년단_랩몬스터
329,329,방탄소년단_뷔
330,330,방탄소년단_슈가
331,331,방탄소년단_정국
332,332,방탄소년단_제이홉
333,333,방탄소년단_지민
334,334,방탄소년단_진
335,335,배두나
336,336,배성재
337,337,배수빈
338,338,배용준
339,339,배정남
340,340,배종옥
341,341,백지영
342,342,백진희
343,343,백철민
344,344,버벌진트
345,345,버스커버스커_장범준
346,346,버즈_민경훈 (확인해야함)
347,347,범키
348,348,베스티_해령
349,349,변요한
350,350,변우민
351,351,변정수
352,352,보니하니_신동우
353,353,보니하니_이수민
354,354,보아
355,355,볼빨간사춘기_안지영
356,356,볼빨간사춘기_우지윤
357,357,봉태규
358,358,브라운아이드걸스_가인
359,359,브라운아이드소울_나얼
360,360,블락비_박경
361,361,블락비_유권
362,362,블락비_재효
363,363,블락비_지코
364,364,블락비_태일
365,365,블락비_피오
366,366,블랙넛
367,367,블랙핑크_로제
368,368,블랙핑크_리사
369,369,블랙핑크_제니
370,370,블랙핑크_지수
371,371,비(정지훈)
372,372,비투비_육성재
373,373,비투비_이창섭
374,374,비투비_프니엘
375,375,빅뱅_G-Dragon
376,376,빅뱅_대성
377,377,빅뱅_승리
378,378,빅뱅_탑
379,379,빅뱅_태양
380,380,빅스_혁
381,381,빅스_홍빈
382,382,빈지노
383,383,사이먼도미닉
384,384,산이
385,385,샘_오취리
386,386,샘_해밍턴
387,387,샤넌
388,388,샤이니_민호
389,389,샤이니_온유
390,390,샤이니_종현
391,391,샤이니_키
392,392,서강준
393,393,서영
394,394,서예지
395,395,서은수
396,396,서인국
397,397,서인영
398,398,서장훈
399,399,서정희
400,400,서준영
401,401,서지석
402,402,서지혜 (탤런트)
403,403,서출구
404,404,서태지
405,405,서태화
406,406,서하준
407,407,서현진
408,408,서효림
409,409,설리
410,410,성동일
411,411,성병숙
412,412,성유리
413,413,성준
414,414,성지루
415,415,성혁
416,416,세븐틴_민규
417,417,소녀시대_서현
418,418,소녀시대_수영
419,419,소녀시대_써니
420,420,소녀시대_유리
421,421,소녀시대_윤아
422,422,소녀시대_태연
423,423,소녀시대_효연
424,424,소유진
425,425,손병호
426,426,손여은
427,427,손예진
428,428,손지창
429,429,손창민
430,430,손현주
431,431,손호준
432,432,솔비
433,433,송강호
434,434,송승헌
435,435,송영규
436,436,송윤아
437,437,송일국
438,438,송재림
439,439,송재희
440,440,송종호
441,441,송중기
442,442,송지효
443,443,송하윤
444,444,송해
445,445,송혜교
446,446,수란
447,447,수민
448,448,수빈
449,449,수애
450,450,수현
451,451,슈퍼주니어M_헨리
452,452,슈퍼주니어_강인
453,453,슈퍼주니어_규현
454,454,슈퍼주니어_김희철
455,455,슈퍼주니어_신동
456,456,슈퍼주니어_이특
457,457,스윙스
458,458,시크릿_송지은
459,459,시크릿_전효성
460,460,시크릿_한선화
461,461,식케이
462,462,신구
463,463,신동엽
464,464,신동욱 (탤런트)
465,465,신민아
466,466,신봉선
467,467,신성록
468,468,신세경
469,469,신소율
470,470,신승훈
471,471,신은수
472,472,신은정
473,473,신정근
474,474,신하균
475,475,신현수 (탤런트)
476,476,신현준
477,477,신혜선
478,478,신화_김동완
479,479,신화_신혜성
480,480,신화_앤디
481,481,신화_에릭
482,482,신화_이민우
483,483,신화_전진
484,484,심은하
485,485,심이영
486,486,심형래
487,487,심형탁
488,488,심혜진
489,489,싸이
490,490,씨스타_다솜
491,491,씨스타_보라
492,492,씨스타_소유
493,493,씨스타_효린
494,494,씨엔블루_강민혁
495,495,씨엔블루_이정신
496,496,씨잼
497,497,아스트로_차은우
498,498,아웃사이더
499,499,아이유
500,500,악동뮤지션_이수현
501,501,악동뮤지션_이찬혁
502,502,안길강
503,503,안나경
504,504,안내상
505,505,안성기
506,506,안세하
507,507,안승균
508,508,안우연
509,509,안재욱
510,510,안재현
511,511,안재홍
512,512,안정환
513,513,애쉬비
514,514,애프터스쿨_리지
515,515,앰블랙_미르
516,516,얀키
517,517,양금석
518,518,양동근
519,519,양세종
520,520,양세찬
521,521,양세형
522,522,양요섭
523,523,양익준
524,524,양정아
525,525,양정원
526,526,양진성
527,527,양홍원(영비)
528,528,어반자카파_조현아
529,529,언터쳐블_슬리피
530,530,엄태웅
531,531,엄현경
532,532,엄효섭
533,533,에디킴
534,534,에릭남
535,535,에이핑크_김남주
536,536,에이핑크_박초롱
537,537,에이핑크_손나은
538,538,에이핑크_오하영
539,539,에이핑크_윤보미
540,540,에이핑크_정은지
541,541,에일리
542,542,에프엑스_루나
543,543,에프엑스_빅토리아
544,544,에프엑스_엠버
545,545,에프엑스_크리스탈
546,546,에픽하이_미쓰라
547,547,엠아이비_강남
548,548,여자친구_소원
549,549,여자친구_신비
550,550,여자친구_엄지
551,551,여자친구_예린
552,552,여자친구_유주
553,553,여자친구_은하
554,554,여진구
555,555,연우진
556,556,염혜란
557,557,예지원
558,558,오광록
559,559,오마이걸_미미
560,560,오마이걸_비니
561,561,오마이걸_승희
562,562,오마이걸_아린
563,563,오마이걸_유아
564,564,오마이걸_지호
565,565,오마이걸_진이
566,566,오마이걸_효정
567,567,오미희
568,568,오민석
569,569,오상진
570,570,오승훈
571,571,오연서
572,572,오윤아
573,573,오정연
574,574,오종혁
575,575,오지은
576,576,오지호
577,577,오창석
578,578,오케이션
579,579,온주완
580,580,올티
581,581,왕지혜
582,582,요조
583,583,우도환
584,584,우주소녀_다원
585,585,우주소녀_루다
586,586,우주소녀_보나
587,587,우주소녀_선의
588,588,우주소녀_설아
589,589,우주소녀_성소
590,590,우주소녀_엑시
591,591,우주소녀_여름
592,592,우주소녀_유연정
593,593,우주소녀_은서
594,594,워너원_강다니엘
595,595,워너원_김재환
596,596,워너원_라이관린
597,597,워너원_박우진
598,598,워너원_박지훈
599,599,워너원_배진영
600,600,워너원_옹성우
601,601,워너원_이대휘
602,602,워너원_황민현
603,603,원더걸스_유빈
604,604,원더걸스_혜림
605,605,원미경
606,606,원빈
607,607,위너_강승윤
608,608,위너_송민호
609,609,위키미키_김도연
610,610,위키미키_최유정
611,611,유다인
612,612,유병재
613,613,유선
614,614,유승목
615,615,유승옥
616,616,유승호
617,617,유아인
618,618,유연석
619,619,유이
620,620,유인나
621,621,유인영
622,622,유재명
623,623,유재석
624,624,유준상
625,625,유지태
626,626,유해진
627,627,유형관
628,628,유호정
629,629,육중완
630,630,육지담
631,631,윤경호
632,632,윤계상
633,633,윤균상
634,634,윤나무
635,635,윤다훈
636,636,윤도현
637,637,윤딴딴
638,638,윤미래
639,639,윤민수
640,640,윤박
641,641,윤복인
642,642,윤상현
643,643,윤서현
644,644,윤세아
645,645,윤소호
646,646,윤소희
647,647,윤손하
648,648,윤시윤
649,649,윤여정
650,650,윤유선
651,651,윤정수
652,652,윤종신
653,653,윤종훈
654,654,윤주희
655,655,윤진서
656,656,윤현민
657,657,이경규
658,658,이경영
659,659,이계인
660,660,이광수
661,661,이국주
662,662,이규한
663,663,이기영
664,664,이기혁
665,665,이나영
666,666,이다윗
667,667,이덕화
668,668,이동건
669,669,이동욱
670,670,이동휘
671,671,이문식
672,672,이미도
673,673,이미숙
674,674,이미연
675,675,이민정
676,676,이민호
677,677,이보영
678,678,이상민
679,679,이상순
680,680,이상엽
681,681,이상우
682,682,이상윤
683,683,이상희
684,684,이서원
685,685,이서진
686,686,이선빈
687,687,이성경
688,688,이성민
689,689,이성재
690,690,이세영
691,691,이센스
692,692,이수근
693,693,이수만
694,694,이수혁
695,695,이승기
696,696,이승철
697,697,이승환
698,698,이시언
699,699,이시영
700,700,이연희
701,701,이영애
702,702,이완
703,703,이원근
704,704,이원종
705,705,이유리
706,706,이유영
707,707,이이경
708,708,이인하
709,709,이일화
710,710,이장우
711,711,이재룡
712,712,이재용
713,713,이재윤
714,714,이재진
715,715,이정재
716,716,이정진
717,717,이제훈
718,718,이종석
719,719,이종원
720,720,이준기
721,721,이준혁
722,722,이지혜
723,723,이지훈
724,724,이진욱
725,725,이학주
726,726,이현우
727,727,이효리
728,728,이휘재
729,729,인피니트_남우현
730,730,인피니트_동우
731,731,인피니트_엘
732,732,인피니트_이성열
733,733,인피니트_이성종
734,734,인피니트_호야
735,735,임서연
736,736,임세미
737,737,임수정
738,738,임수향
739,739,임시완
740,740,임예진
741,741,임원희
742,742,임주은
743,743,임주환
744,744,임지연
745,745,임창정
746,746,임혁
747,747,임현식
748,748,임형준
749,749,자메즈
750,750,자우림_김윤아
751,751,자이언트_핑크
752,752,자이언티
753,753,장광
754,754,장근석
755,755,장나라
756,756,장동건
757,757,장동혁
758,758,장문복
759,759,장미희
760,760,장서희
761,761,장성규
762,762,장수원
763,763,장신영
764,764,장영남
765,765,장우혁
766,766,장위안
767,767,장유상
768,768,장재인
769,769,장항준
770,770,장혁
771,771,장혁진
772,772,장현성
773,773,장현승
774,774,장희령
775,775,장희진
776,776,전광렬
777,777,전도연
778,778,전미선
779,779,전소미
780,780,전소민
781,781,전수경
782,782,전수진
783,783,전인화
784,784,전지현
785,785,전현무
786,786,전혜빈
787,787,정경호
788,788,정규수
789,789,정기고
790,790,정다빈
791,791,정두홍
792,792,정만식
793,793,정범균
794,794,정보석
795,795,정상수
796,796,정석용
797,797,정석원
798,798,정연주
799,799,정웅인
800,800,정유진
801,801,정인
802,802,정인기
803,803,정인선
804,804,정일우
805,805,정재영
806,806,정준영
807,807,정준하
808,808,정준호
809,809,정진영
810,810,정진운
811,811,정찬우
812,812,정태우
813,813,정한용
814,814,정해균
815,815,정해인
816,816,정혜성
817,817,제시
818,818,제시카
819,819,제아_김동준
820,820,제아_박형식
821,821,제아_임시완
822,822,제아_황광희
823,823,제이플라
824,824,젝스키스_은지원
825,825,조달환
826,826,조동혁
827,827,조미령
828,828,조보아
829,829,조성하
830,830,조세호
831,831,조승우
832,832,조여정
833,833,조영구
834,834,조영남
835,835,조용필
836,836,조우진
837,837,조윤우
838,838,조인성
839,839,조재윤
840,840,조재현
841,841,조정민
842,842,조정석
843,843,조정식
844,844,조정치
845,845,조진웅
846,846,조한선
847,847,조현재
848,848,조혜련
849,849,조희봉
850,850,주니엘
851,851,주승혁
852,852,주안
853,853,주영훈
854,854,주원
855,855,주현
856,856,줄리엔_강
857,857,지누션_션
858,858,지누션_지누
859,859,지상렬
860,860,지석진
861,861,지성
862,862,지수
863,863,지창욱
864,864,지투
865,865,지현우
866,866,진구
867,867,진기주
868,868,진선규
869,869,진세연
870,870,진지희
871,871,차승원
872,872,차인표
873,873,차태현
874,874,창모
875,875,채수빈
876,876,채시라
877,877,채정안
878,878,천상지희더그레이스_다나
879,879,천우희
880,880,천정명
881,881,천호진
882,882,최강희
883,883,최무성
884,884,최민수
885,885,최병모
886,886,최송현
887,887,최여진
888,888,최우식
889,889,최원영
890,890,최윤소
891,891,최종환
892,892,최종훈
893,893,최지나
894,894,최지우
895,895,최진실
896,896,최진혁
897,897,최태준
898,898,최홍일
899,899,최효종
900,900,추성훈
901,901,추수현
902,902,카라_한승연
903,903,카라_허영지
904,904,코요태_김종민
905,905,코요태_신지
906,906,크러쉬
907,907,크로스진_신원호
908,908,크루셜스타
909,909,키디비
910,910,키썸
911,911,킬라그램
912,912,타이거JK
913,913,타이미
914,914,타카다_켄타
915,915,탁재훈
916,916,태미
917,917,토니안
918,918,투개월_김예림
919,919,트루디
920,920,트와이스_나연
921,921,트와이스_다현
922,922,트와이스_모모
923,923,트와이스_미나
924,924,트와이스_사나
925,925,트와이스_정연
926,926,트와이스_지효
927,927,트와이스_쯔위
928,928,트와이스_채영
929,929,티아라_은정
930,930,티아라_지연
931,931,티아라_효민
932,932,틴탑_니엘
933,933,파비앙
934,934,팔로알토
935,935,펀치넬로
936,936,페노메코
937,937,포미닛_현아
938,938,프라이머리
939,939,프리스틴_나영
940,940,프리스틴_시연
941,941,프리스틴_주결경
942,942,플라이투더스카이_환희
943,943,피에스타_예지
944,944,피타입
945,945,피프틴앤드_박지민
946,946,피프틴앤드_백예린
947,947,하석진
948,948,하이라이트_손동운
949,949,하이라이트_양요섭
950,950,하이라이트_용준형
951,951,하이라이트_윤두준
952,952,하이라이트_이기광
953,953,하정우
954,954,하지원
955,955,하하
956,956,하희라
957,957,한가인
958,958,한갑수
959,959,한동근
960,960,한상진
961,961,한석규
962,962,한석준
963,963,한예슬
964,964,한은정
965,965,한지민
966,966,한채아
967,967,한채영
968,968,한해
969,969,한혜진
970,970,한효주
971,971,해시스완
972,972,허경환
973,973,허준석
974,974,허준호
975,975,허지웅
976,976,허클베리피
977,977,헤이즈
978,978,헬로비너스_여름
979,979,혁오_오혁
980,980,현빈
981,981,현주엽
982,982,홍경민
983,983,홍대광
984,984,홍서영
985,985,홍석천
986,986,홍수아
987,987,홍윤화
988,988,홍종현
989,989,홍진경
990,990,홍진영
991,991,홍진호
992,992,황승언
993,993,황신혜
994,994,황영희
995,995,황우슬혜
996,996,황정민
997,997,황정음
998,998,황치열
999,999,황현희
